Season,pos_group,tier_p90,tier_p70,tier_p50,tier_p30
2022,Backfield,0.09915365950838138,0.07451626243176196,0.05090026759337955,0.03309384765542875
2022,TE,0.281862000755114,0.23599802330306516,0.20764296362546902,0.17284791332518176
2022,WR,0.4113357708525259,0.3546320945568585,0.32179387837600026,0.2784001258807226
2023,Backfield,0.0725163583540953,0.05320848761815316,0.0383718813209356,0.020854088409236488
2023,TE,0.22138675085378146,0.17727695050293607,0.14925938873988054,0.12874122334518462
2023,WR,0.36215950434523336,0.3079118138637049,0.26091805918616096,0.22839534021670102
2024,Backfield,0.06943894816558943,0.033374932388134666,0.018893806682390442,0.012265749736207523
2024,TE,0.1918158920703035,0.14997316099935512,0.1257954552931747,0.09699785976965766
2024,WR,0.307713662204436,0.2504946577041934,0.2252591110931549,0.18551139409843678
